Username,Profile,uptime
taFBL,HARIAN,17:09:50
tayHw,HARIAN,23:17:47
taUDL,HARIAN,20:51:49
taLWw,HARIAN,23:29:21
taE2U,HARIAN,22:26:40
taHRH,HARIAN,21:10:33
taxU3,HARIAN,20:08:11
taprJ,HARIAN,23:35:45
taKkY,HARIAN,17:43:46
taMP9,HARIAN,14:21:32
taFye,HARIAN,10:23:20
taSDH,HARIAN,23:37:36
tarZy,HARIAN,05:31:23
taJ8j,HARIAN,22:08:06
taNCh,HARIAN,22:48:58
taH2u,HARIAN,23:23:11
tapGh,HARIAN,21:37:37
taAwG,HARIAN,09:55:43
taikE,HARIAN,23:06:00
taZHM,HARIAN,21:04:49
tatrR,HARIAN,22:27:47
tau6C,HARIAN,21:07:55
tajuH,HARIAN,20:05:56
tab7n,HARIAN,06:58:26
taybC,HARIAN,22:04:10
taF9m,HARIAN,18:31:09
taMth,HARIAN,21:19:11
tawxZ,HARIAN,23:39:12
fpck7753,MINGGUAN,22:56:54
fhjg3299,MINGGUAN,20:11:40
zxpi9246,MINGGUAN,22:20:09
ifna6374,MINGGUAN,04:25:51
fgna5544,MINGGUAN,21:26:20
xcys4895,MINGGUAN,22:31:39
kcnp8539,MINGGUAN,21:23:16
uhbs5345,MINGGUAN,16:53:32
nbmb5733,MINGGUAN,18:12:58
kkam6343,MINGGUAN,14:27:36
nsju4656,MINGGUAN,18:08:23
vpnp4385,MINGGUAN,17:31:59
ipub8737,MINGGUAN,07:27:02
pmyr4897,MINGGUAN,22:40:47
mcrd5867,MINGGUAN,22:50:18
tjpg4376,MINGGUAN,19:41:34
brad7592,MINGGUAN,22:32:50
tjpj8743,MINGGUAN,11:49:09
smcf4976,MINGGUAN,22:53:31
fivw7549,MINGGUAN,20:38:49
nxpp3543,MINGGUAN,21:33:36
wetw6492,MINGGUAN,23:00:07
utda2842,MINGGUAN,23:07:25
fhxc6232,MINGGUAN,01:07:25
uncp7792,MINGGUAN,20:51:44
vkhp2662,MINGGUAN,07:42:19
bywy7494,MINGGUAN,08:21:09
xkpb3392,MINGGUAN,22:55:51
wbnz6377,MINGGUAN,21:39:36
djcx2338,MINGGUAN,20:17:08
bymi6276,MINGGUAN,20:47:11
knpb4954,MINGGUAN,22:09:52
rpyp9884,MINGGUAN,12:15:15
ujjt7948,MINGGUAN,21:42:36
xjvm2958,MINGGUAN,11:06:20
azjy7396,MINGGUAN,15:51:15
kcsa8967,MINGGUAN,00:39:06
rhiz7923,MINGGUAN,22:44:13
hbjz9645,MINGGUAN,21:15:21
hfrt2446,MINGGUAN,00:35:27
yfbj5848,MINGGUAN,20:26:07
bsnz5547,MINGGUAN,15:10:35
xfzp8237,MINGGUAN,10:21:39
ixfi2648,MINGGUAN,08:20:58
bfby5437,MINGGUAN,07:10:24
rtej4264,MINGGUAN,20:13:30
mwmr6245,MINGGUAN,23:32:14
agdf9295,MINGGUAN,05:18:41
njzi6348,MINGGUAN,17:44:41
fscp8476,MINGGUAN,22:54:34
tzce9384,MINGGUAN,14:53:09
cjyi4673,MINGGUAN,20:37:24
xewa5933,MINGGUAN,22:53:09
ybft9639,MINGGUAN,23:30:57
giuk4842,MINGGUAN,21:30:48
wwid9648,MINGGUAN,20:25:04
wmcm8665,MINGGUAN,22:02:02
skwt3958,MINGGUAN,02:53:02
zrut5347,MINGGUAN,21:13:45
gkdf3729,MINGGUAN,22:10:56
wbvx4396,MINGGUAN,23:35:56
uurp5263,MINGGUAN,20:01:20
vthr7756,MINGGUAN,18:46:17
tgsu7435,MINGGUAN,23:19:12
sici4233,MINGGUAN,20:03:55
tshh2396,MINGGUAN,20:54:17
uysx3364,MINGGUAN,12:11:02
bjiz7629,MINGGUAN,22:29:03
patf8883,MINGGUAN,15:05:22
uyax7779,MINGGUAN,22:34:43
xyej9289,MINGGUAN,22:40:23
fepp7365,MINGGUAN,20:15:04
wcmz6792,MINGGUAN,20:55:46
mvck8359,MINGGUAN,06:18:50
yhzj5625,MINGGUAN,10:28:52
bbvc6254,MINGGUAN,22:23:47
twwr8864,MINGGUAN,21:45:15
jsyy2659,MINGGUAN,21:18:04
jjna6742,MINGGUAN,22:27:18
hysm5788,MINGGUAN,02:37:35
rbws5859,MINGGUAN,20:08:05
fjts7636,MINGGUAN,06:19:03
jeep8829,MINGGUAN,03:53:39
hfep2862,MINGGUAN,21:38:05
zcdf6638,MINGGUAN,20:49:08
kstr7298,MINGGUAN,13:33:02
xtsz8965,MINGGUAN,03:24:28
cmkb4524,MINGGUAN,23:27:51
mrzm9867,MINGGUAN,23:24:36
mgzj2376,MINGGUAN,20:02:45
vppf5442,MINGGUAN,21:29:07
xmdb5856,MINGGUAN,22:47:59
wnns8929,MINGGUAN,20:47:29
fvkw6693,MINGGUAN,22:10:17
ysnh4446,MINGGUAN,08:44:05
vuap3264,MINGGUAN,23:52:35
tpjf9686,MINGGUAN,22:01:19
yryr4389,MINGGUAN,22:37:20
igpi6256,MINGGUAN,20:36:30
kkyn9673,MINGGUAN,20:18:58
hhkr9557,MINGGUAN,23:02:11
wybt7536,MINGGUAN,21:19:17
fwmx4566,MINGGUAN,13:09:43
jbpk9454,MINGGUAN,21:38:04
xrgb9375,MINGGUAN,22:38:48
zxiu4333,MINGGUAN,22:17:21
fiuf7799,MINGGUAN,15:07:17
wrwb6499,MINGGUAN,21:19:49
afas9682,MINGGUAN,23:20:42
haak6754,MINGGUAN,23:22:02
hshk8894,MINGGUAN,22:05:20
bpzr7784,MINGGUAN,22:40:15
isxj4725,MINGGUAN,21:55:00
bshu4875,MINGGUAN,20:53:00
htzp5436,MINGGUAN,22:45:47
csjc6365,MINGGUAN,05:37:01
mgce9322,MINGGUAN,23:35:02
sjjh8237,MINGGUAN,22:36:30
bfbp3327,MINGGUAN,01:36:10
rutw3334,MINGGUAN,23:36:52
zfcf5238,MINGGUAN,21:50:37
jiai5645,MINGGUAN,18:49:56
tavr6359,MINGGUAN,21:34:16
vrrg7453,MINGGUAN,19:52:07
cgna7978,MINGGUAN,20:43:43
45kiikt9,HARIAN,22:56:45
427zxk2a,HARIAN,04:17:12
iyd5te5n,HARIAN,20:23:37
a5mkp9yk,HARIAN,03:00:57
z5xcexfu,HARIAN,20:58:02
96642fv9,HARIAN,22:47:39
4yj3th23,HARIAN,23:58:53
dzvywazd,HARIAN,21:54:00
afu22tfv,HARIAN,23:57:47
wdpbewif,HARIAN,21:26:01
du4va7xa,HARIAN,20:07:39
ig2ufwup,HARIAN,10:03:00
jxpgfnjj,HARIAN,22:13:20
mykf668u,HARIAN,10:21:28
xj3zi3x5,HARIAN,22:09:56
s83evhk3,HARIAN,10:25:56
srwpyefn,HARIAN,05:56:40
7nxe3nu9,HARIAN,22:56:17
rnz5icyz,HARIAN,23:05:46
kkwfga2x,HARIAN,06:27:40
sk5c5jd4,HARIAN,15:58:01
fk9uas4t,HARIAN,01:35:24
m5havnim,HARIAN,03:55:58
r68yp8fi,HARIAN,02:02:13
fg24kn9x,HARIAN,22:59:03
r6mnj9ys,HARIAN,04:23:30
zegbmjke,HARIAN,20:34:16
9rwkbhkw,HARIAN,20:46:17
ywy3nb6g,HARIAN,07:17:47
metimbas,HARIAN,22:49:57
ukcaikcw,HARIAN,20:19:46
xydrg66v,HARIAN,12:20:30
9irgzh8r,HARIAN,21:56:52
xg49ba3y,HARIAN,06:56:26
nc3iwxgp,HARIAN,20:56:31
bd5pt3wx,HARIAN,16:08:54
pytyb2jy,HARIAN,20:53:25
fkipa8x4,HARIAN,19:22:14
unbtnizm,HARIAN,23:42:13
f2siduv2,HARIAN,22:07:59
4r6kjs2d,HARIAN,22:37:25
znf3483s,HARIAN,19:05:21
6bgrgxws,HARIAN,10:39:20
sw8gdn6k,HARIAN,20:01:44
u7uu4yiy,HARIAN,01:48:07
2e36vfcf,HARIAN,23:45:31
t7fdv9um,HARIAN,13:37:15
dzmxtf2s,HARIAN,20:17:43
sjwvgh88,HARIAN,11:47:17
fm7xjdax,HARIAN,07:35:56
upc62ciu,HARIAN,14:32:03
9g6cnrus,HARIAN,16:05:08
3ie7f8zh,HARIAN,01:21:41
n4e7mirh,HARIAN,22:23:53
33s2azxr,HARIAN,23:38:19
85mumg7c,HARIAN,20:33:54
7ee7re6r,HARIAN,13:12:39
pf4xyhdy,HARIAN,23:34:24
memdvfxa,HARIAN,23:26:48
a9u8xcdy,HARIAN,14:16:02
aat4hxhf,HARIAN,12:48:17
gtc5wmmz,HARIAN,05:17:06
rw5v865g,HARIAN,22:34:41
y63wrzvz,HARIAN,18:16:08
bx8xrfr6,HARIAN,20:09:57
dsv8grgy,HARIAN,05:14:47
upt6bin3,HARIAN,20:16:14
vrct2bhb,HARIAN,22:39:12
w7bxs2uj,HARIAN,06:11:30
aagu5mdn,HARIAN,12:22:41
a8afm5fc,HARIAN,21:32:48
ypeynbaz,HARIAN,22:50:32
dppv66ir,HARIAN,21:52:26
5tgnbcaj,HARIAN,18:46:40
yv2nucxc,HARIAN,22:54:53
228yus4c,HARIAN,23:46:55
nb7ch4i2,HARIAN,23:04:46
vt6vs3wx,HARIAN,21:45:28
nzj4s34g,HARIAN,20:41:47
y3uawkgf,HARIAN,20:13:26
rmgfw57t,HARIAN,03:56:42
ub6my7zk,HARIAN,21:41:36
gcb4yv95,HARIAN,00:43:11
z76m3c9s,HARIAN,23:25:27
4wnykphd,HARIAN,18:44:42
kgw2raub,HARIAN,13:12:39
f72hrzt7,HARIAN,23:39:55
iui9wvby,HARIAN,23:28:54
9b92njnm,HARIAN,04:38:13
8ubi35xu,HARIAN,23:28:35
zmabu9v7,HARIAN,16:12:49
cuzagxh3,HARIAN,23:40:22
fc5hawd4,HARIAN,23:40:51
ky2k7pmz,HARIAN,22:13:11
nn3w5y92,HARIAN,20:05:12
2anrcxuk,HARIAN,12:32:58
f6unp8ij,HARIAN,03:13:37
vctwuj7k,HARIAN,09:58:19
wd83n4v7,HARIAN,16:28:15
w9nhgtvi,HARIAN,23:13:04
MNZYUM25,BULANAN,23:56:43
MTVWZN8L,BULANAN,21:22:29
D3SAT9FE,BULANAN,08:44:12
CJ5AGXL4,BULANAN,22:57:19
TDKYSFGX,BULANAN,08:38:36
A52ZZ4B2,BULANAN,06:29:54
CAUMR557,BULANAN,22:58:51
LKMYZSD2,BULANAN,16:58:43
X4BJE9VU,BULANAN,20:30:45
VDD3UBP5,BULANAN,08:39:39
JLTR6JYN,BULANAN,07:10:42
XCK4RXEV,BULANAN,20:33:41
JFCSYRA7,BULANAN,16:40:13
RFS4FFTC,BULANAN,21:55:14
ZEMHPSLR,BULANAN,23:28:06
4942T5DH,BULANAN,21:07:16
MYLEPS8W,BULANAN,22:51:34
DUGTA2LX,BULANAN,20:49:27
U39VKM8M,BULANAN,23:13:25
3X4JWGY5,BULANAN,00:43:42
P3XJRAUC,BULANAN,20:11:25
GR8HFPZS,BULANAN,01:15:04
6CFE7A8F,BULANAN,23:04:04
PCRD2HJE,BULANAN,04:48:43
5J6WKRAM,BULANAN,22:05:02
T3CTJT9F,BULANAN,20:14:42
5MLNATAD,BULANAN,10:44:08
DRNVF44D,BULANAN,00:24:59
2GMP6XCJ,BULANAN,17:34:14
LDA8JNVN,BULANAN,21:28:21
EUXBWUXP,BULANAN,22:46:50
W7XX8AGF,BULANAN,21:04:04
R6UGJG6G,BULANAN,21:28:28
XE2N92VY,BULANAN,14:28:46
95JT5HLV,BULANAN,08:49:22
PV9N8DJ2,BULANAN,22:22:11
CAKPYZDA,BULANAN,20:03:46
SX7LK4SF,BULANAN,20:21:04
XT4RTVFJ,BULANAN,21:22:49
8KM996UA,BULANAN,04:54:17
XLLUKXFD,BULANAN,23:36:30
GHVSEXMA,BULANAN,01:29:05
9P6YFBZ9,BULANAN,06:27:14
U6U34RAN,BULANAN,22:47:33
4RMBW5WE,BULANAN,17:13:27
XEMYMNG6,BULANAN,02:03:25
WXYGB5G9,BULANAN,02:24:06
2DPMBPVN,BULANAN,12:19:31
S9ZT246U,BULANAN,20:09:52
9MSX8ZRD,BULANAN,02:04:48
4WGRD5SY,BULANAN,15:18:13
KLUD7FD6,BULANAN,15:17:23
2SJY89P3,BULANAN,21:52:28
JF7WF9H3,BULANAN,14:45:22
BFCPF7YB,BULANAN,11:43:41
R39VARJ9,BULANAN,21:01:53
3RUKHGEF,BULANAN,18:15:32
RWZR7P3J,BULANAN,09:03:20
Y8KDSV4Y,BULANAN,13:06:36
2L9CBBZ2,BULANAN,20:36:51
M83MH97T,BULANAN,02:48:52
YSMRNK3V,BULANAN,20:44:00
A94GN8CX,BULANAN,20:59:57
229376RF,BULANAN,22:01:49
Z7V4PWMC,BULANAN,21:01:09
WPJ6MEVR,BULANAN,23:08:11
3XS6H9H2,BULANAN,14:35:13
ZLG6LGZV,BULANAN,22:37:47
4RUEWZ9P,BULANAN,21:53:24
TV7WPTSK,BULANAN,22:00:58
9PMNBVA7,BULANAN,05:05:16
97NCR25A,BULANAN,22:12:42
H6DVY5UV,BULANAN,22:57:37
5SCLFADD,BULANAN,20:07:20
K9U9HFMM,BULANAN,01:00:43
A357S3JL,BULANAN,22:58:06
URTPJXNR,BULANAN,02:57:10
EEUKWVWV,BULANAN,21:26:14
8NR5YELA,BULANAN,02:39:33
K25E53J7,BULANAN,07:39:53
SUVTKHK7,BULANAN,23:53:44
4ECE9MJJ,BULANAN,20:47:14
YG28JFKM,BULANAN,23:38:01
24RJEW2W,BULANAN,06:00:58
JT7ZNT3K,BULANAN,11:16:45
E7Y6ALRP,BULANAN,02:12:08
M88EWY7X,BULANAN,23:20:03
NA7UB53A,BULANAN,11:19:04
N24DDU3Z,BULANAN,22:48:24
U5ZJN3ZM,BULANAN,20:24:26
USJJRP2C,BULANAN,22:25:05
H2Y5PYHV,BULANAN,22:27:08
CJ2PRE6Y,BULANAN,07:44:10
Z32TB4NS,BULANAN,21:07:52
6ED7EY8A,BULANAN,17:34:43
WWKGZTU4,BULANAN,00:16:40
3ZRTWJF2,BULANAN,04:24:34
WJWCFLK5,BULANAN,22:49:21
H9VU8KFM,BULANAN,23:52:04
YP2WLGA2,BULANAN,20:30:58
4AXG87NP,BULANAN,23:08:42
B9WFAAT4,BULANAN,20:43:47
4NLNFJRM,BULANAN,22:14:47
35XDV5TB,BULANAN,12:12:29
VH3NJJVS,BULANAN,18:01:35
S57F3REH,BULANAN,19:47:41
9T72734H,BULANAN,21:23:55
LMMJEPGJ,BULANAN,22:04:18
3XCMVENK,BULANAN,21:05:48
NLU5KLNE,BULANAN,20:34:29
9X29FG53,BULANAN,08:01:29
SBGBB6NY,BULANAN,23:32:34
C7R34NXY,BULANAN,00:49:36
NARH8V2U,BULANAN,03:57:54
WXLJW7NP,BULANAN,22:58:39
C8L36PGU,BULANAN,22:56:26
ZKWZV4YA,BULANAN,07:15:41
P25FW3PB,BULANAN,22:28:43
FKXNLUXK,BULANAN,05:34:07
BGJJYHHM,BULANAN,11:47:33
2CNMRPG6,BULANAN,11:26:53
U4AN49EK,BULANAN,01:49:41
UCGH24L2,BULANAN,12:01:39
YCUW8A9M,BULANAN,22:14:41
PBB8S5WD,BULANAN,21:23:09
N22ckf5R,KERJA,15:49:48
9Uzhc6Wy,KERJA,05:48:27
4cXbiGZh,KERJA,09:17:50
fCn47SPM,KERJA,13:47:51
YDG47gDY,KERJA,11:06:15
Zc7Uxsdt,KERJA,17:40:59
yNx7EZvA,KERJA,13:51:02
pKgFLazm,KERJA,10:13:04
d8cbDmKr,KERJA,15:19:38
PuZj8HxA,KERJA,11:41:32
BdMjSzC2,KERJA,21:03:58
iVR3bdAr,KERJA,15:51:38
8CmEdRax,KERJA,11:46:02
JvirBfri,KERJA,13:56:57
meE3prsx,KERJA,18:46:36
s5WLnUfY,KERJA,14:33:48
dVEUAFcK,KERJA,10:51:52
2uz9KXft,KERJA,12:06:10
bUx8gK4w,KERJA,12:57:41
Eu9NJiTg,KERJA,13:25:19
RUEu5Lyh,KERJA,12:50:04
NhLLWBW8,KERJA,08:26:05
3NEeJb5f,KERJA,13:19:51
8CMmg5nw,KERJA,14:56:13
MMzjitpu,KERJA,17:57:49
jtvVbaAG,KERJA,14:39:44
GLDtarfR,KERJA,16:19:09
GzmmsRJd,KERJA,07:23:48
cRXm3PiF,KERJA,17:41:01
yj3Lp2Ek,KERJA,17:59:08
XSNC2bkg,KERJA,15:38:45
hpPDusyd,KERJA,10:56:13
45f7raKT,KERJA,12:17:29
JRGdrMXJ,KERJA,16:45:41
t4zRwrNx,KERJA,16:06:40
ZDKMeVab,KERJA,20:36:34
nuK2Rpej,KERJA,16:22:25
z5D5BvcJ,KERJA,14:27:28
At3Kg8rk,KERJA,08:21:43
virwhAC3,KERJA,13:28:50
cb7ZNGjh,KERJA,16:46:23
CVbwHpv8,KERJA,10:31:19
ASh7sg7U,KERJA,10:59:04
xaBuk2XG,KERJA,11:34:32
j2NnZ8F5,KERJA,04:57:08
Etse4GKx,KERJA,14:21:41
XxxnEYzC,KERJA,16:58:16
v5W5KTzY,KERJA,14:31:25
YNePgvcF,KERJA,05:20:11
giVz2Tdh,KERJA,13:26:47
L8W2whi5,KERJA,10:00:58
pBWPMrRY,KERJA,02:28:29
DPjVhXy9,KERJA,18:44:59
ZxeRMnrZ,KERJA,13:01:10
jzFpMJDm,KERJA,18:43:11
L9GawBpV,KERJA,23:01:36
nwP6VGPt,KERJA,03:19:05
Yik4FRA7,KERJA,13:17:48
2j8Laaeu,KERJA,10:35:44
dkARR93R,KERJA,14:54:03
7bNUSpfc,KERJA,13:57:28
WEnugrK2,KERJA,17:25:47
rhftmAAs,KERJA,15:13:23
4NVNFh5C,KERJA,11:17:14
9REjCKTE,KERJA,10:46:24
ZmwcrbuD,KERJA,17:29:47
hZ44jctF,KERJA,11:28:23
pYXgh62p,KERJA,05:02:44
jXXP8Jh8,KERJA,07:35:40
YvWJXPCJ,KERJA,13:34:40
GKJwR5Ca,KERJA,00:15:45
nfF2Lr6n,KERJA,17:16:38
Tcged2xH,KERJA,17:44:12
TryETuvZ,KERJA,18:54:19
BVggk6rN,KERJA,17:37:32
ZDUUHuAY,KERJA,16:58:17
BKHUZRUL,KERJA,17:30:30
HyeVUrGR,KERJA,12:41:56
DeBZ4xGd,KERJA,14:18:27
UhknR9rZ,KERJA,22:03:14
9m2hRcM8,KERJA,14:12:35
6KVLFrwJ,KERJA,07:25:30
23bNNNJd,KERJA,11:16:51
SYA7MwYF,KERJA,12:19:47
JLmJ9AKt,KERJA,12:12:54
YN8fihAY,KERJA,13:45:30
yz6Wa36n,KERJA,12:03:19
DkLsXTPw,KERJA,17:55:54
HnLaeXSi,KERJA,05:00:23
vWCGNK3B,KERJA,17:46:13
J8aWg8CU,KERJA,23:17:26
NPpPsE4u,KERJA,13:31:25
FDi2CBmB,KERJA,15:26:00
PyNmLp9F,KERJA,17:25:44
mtKJYGmU,KERJA,14:10:17
32yzdS2m,KERJA,15:25:56
J7pgmhbt,KERJA,19:58:40
ywjswE6h,KERJA,20:53:13
ZrSJr37j,KERJA,15:42:59
ETGCP73m,KERJA,10:08:41
bvFRWHUy,KERJA,22:33:38
7ULST4Wh,KERJA,12:45:20
jbmM2wem,KERJA,13:48:22
rSxv3DWc,KERJA,11:35:21
btTxBcxi,KERJA,22:04:40
YckjXEXY,KERJA,13:16:30
a8fWFHSR,KERJA,10:54:58
ppD68bJi,KERJA,05:30:07
R7csYc2g,KERJA,12:15:57
HDEGHFS3,KERJA,15:54:39
Ys9fBJHx,KERJA,13:28:59
nTp5Urbb,KERJA,17:34:37
dkupACne,KERJA,16:42:03
2AexHbjE,KERJA,08:11:12
xYyhnJW3,KERJA,16:07:24
TLmfhwTx,KERJA,14:25:26
SYB9rSVf,KERJA,11:50:32
G4eK6ASK,KERJA,12:59:04
B5w8UcW8,KERJA,17:15:53
Jd9cTd4T,KERJA,17:19:40
U6TF9srM,KERJA,03:11:28
YhGyuAfT,KERJA,12:27:03
YTr6Uaf9,KERJA,16:36:59
gpxJdyCS,KERJA,14:37:09
U7knpiWP,KERJA,09:04:47
